{
    "accuracy": 0.8212290502793296,
    "precision": 0.8088235294117647,
    "recall": 0.7432432432432432,
    "f1_score": 0.7746478873239436,
    "roc_auc": 0.8958815958815959,
    "confusion_matrix": [
        [
            92,
            13
        ],
        [
            19,
            55
        ]
    ]
}