{
    "accuracy": 0.7318435754189944,
    "precision": 0.9642857142857143,
    "recall": 0.36486486486486486,
    "f1_score": 0.5294117647058824,
    "roc_auc": 0.8666666666666666,
    "confusion_matrix": [
        [
            104,
            1
        ],
        [
            47,
            27
        ]
    ]
}