{
    "accuracy": 0.8379888268156425,
    "precision": 0.835820895522388,
    "recall": 0.7567567567567568,
    "f1_score": 0.7943262411347518,
    "roc_auc": null,
    "confusion_matrix": [
        [
            94,
            11
        ],
        [
            18,
            56
        ]
    ]
}